FullSpeciesNameValid,Family.x,Plant_species19,Family.y,TOTAL
Aeatus costulatus,Curculionidae,Amphilophium_paniculatum,Bignoniaceae,188
Aeatus costulatus,Curculionidae,Amphilophium_crucigerum,Bignoniaceae,84
Aeatus costulatus,Curculionidae,Tabebuia_rosea,Bignoniaceae,21
Aeatus sp. cur108SG,Curculionidae,Bignonia_aequinoctialis,Bignoniaceae,1
Aeatus sp. cur144SG,Curculionidae,Handroanthus_guayacan,Bignoniaceae,34
Aeatus sp. cur242SG,Curculionidae,Amphilophium_crucigerum,Bignoniaceae,3
Aeatus sp. cur262SG,Curculionidae,Callichlamys_latifolia,Bignoniaceae,7
Aeatus sp. cur263SG,Curculionidae,Amphilophium_paniculatum,Bignoniaceae,2
Aeatus vestitus,Curculionidae,Cordia_bicolor,Cordiaceae,94
Amblycerus bru59SG sp. bru59SG,Chrysomelidae,Cordia_bicolor,Cordiaceae,4
Amblycerus championi,Chrysomelidae,Cordia_bicolor,Cordiaceae,1
Amblycerus perfectus,Chrysomelidae,Combretum_fruticosum,Combretaceae,26
Amblycerus pterocarpae,Chrysomelidae,Pterocarpus_hayesii,Fabaceae,2
Amblycerus sp. bru17SG,Chrysomelidae,Combretum_fruticosum,Combretaceae,3
Amblycerus sp. bru17SG,Chrysomelidae,Combretum_laxum,Combretaceae,3
Amblycerus sp. bru21SG,Chrysomelidae,Platypodium_elegans,Fabaceae,10
Amblycerus sp. bru22SG,Chrysomelidae,Cordia_bicolor,Cordiaceae,92
Amblycerus sp. bru27SG near piurae,Chrysomelidae,Mendoncia_gracilis,Acanthaceae,4
Amblycerus sp. bru28SG,Chrysomelidae,Drypetes_standleyi,Putranjivaceae,10
Amblycerus tachigaliae,Chrysomelidae,Tachigali_panamensis,Fabaceae,16
Amblycerus vegai,Chrysomelidae,Cordia_alliodora,Cordiaceae,27
Anacampsis phytomiella,Gelechiidae,Anacardium_excelsum,Anacardiaceae,13
Anchonus sp. cur32SG,Curculionidae,Calophyllum_longifolium,Clusiaceae,1
Anchonus sp. cur53SG,Curculionidae,Poulsenia_armata,Moraceae,1
Anchonus sp. cur62SG,Curculionidae,Combretum_fruticosum,Combretaceae,1
Anthonominae unknown genus sp. 247SG,Curculionidae,Hiraea_reclinata,Malpighiaceae,6
Anthonominae unknown genus sp. 248SG,Curculionidae,Heteropterys_laurifolia,Malpighiaceae,51
Anthonomus sp. cur133SG,Curculionidae,Hiraea_reclinata,Malpighiaceae,2
Anthonomus sp. cur133SG,Curculionidae,Adelphia_hiraea,Malpighiaceae,2
Anthonomus sp. cur136SG,Curculionidae,Tetrapterys_discolor,Malpighiaceae,14
Anthonomus sp. cur14SG,Curculionidae,Virola_sebifera,Myristicaceae,1
Anthonomus sp. cur150SG,Curculionidae,Guatteria_lucens,Annonaceae,1
Anthonomus sp. cur158SG,Curculionidae,Myrcia_splendens_tip._gatunensis,Myrtaceae,4
Anthonomus sp. cur245SG,Curculionidae,Myrcia_splendens_tip._gatunensis,Myrtaceae,3
Anthonomus sp. cur45SG,Curculionidae,Casearia_guianensis,Salicaceae,2
Anthonomus sp. cur45SG,Curculionidae,Laetia_procera,Salicaceae,1
Anthonomus sp. cur45SG,Curculionidae,Zuelania_guidonia,Salicaceae,47
Apion sp. cur180SG,Brentidae,Machaerium_seemannii,Fabaceae,2
Apion sp. cur183SG,Brentidae,Machaerium_arboreum,Fabaceae,69
Apogeshna stenialis,NA,Protium_tenuifolium,Burseraceae,4
Apogeshna stenialisDHJ02,NA,Adelphia_hiraea,Malpighiaceae,1
Atractomerus caligatus,Curculionidae,Eugenia_oerstediana,Myrtaceae,24
Atryparius sp. 1SG,Cerambycidae,Inga_punctata,Fabaceae,2
Atryparius sp. 1SG,Cerambycidae,Platypodium_elegans,Fabaceae,14
Atryparius sp. 1SG,Cerambycidae,Pouteria_reticulata,Sapotaceae,1
Atryparius sp. 1SG,Cerambycidae,Trattinnickia_aspera,Burseraceae,1
Baris sp. cur100SG,Curculionidae,Desmoncus_orthacanthos,Arecaceae,6
Baris sp. cur121SG,Curculionidae,Tetracera_portobellensis,Dilleniaceae,12
Baris sp. cur46SG,Curculionidae,Davilla_nitida,Dilleniaceae,2
Baris sp. cur7SG,Curculionidae,Doliocarpus_major,Dilleniaceae,31
Baris sp. cur7SG,Curculionidae,Doliocarpus_multiflorus,Dilleniaceae,197
Baris sp. cur7SG,Curculionidae,Doliocarpus_olivaceus,Dilleniaceae,44
Borisauletes sp. cur1SG,Curculionidae,Doliocarpus_multiflorus,Dilleniaceae,11
Borisauletes sp. cur1SG,Curculionidae,Doliocarpus_olivaceus,Dilleniaceae,3
Bothryopteron darlingtoni,Brentidae,Hiraea_reclinata,Malpighiaceae,78
Bothryopteron darlingtoni,Brentidae,Mascagnia_divaricata,Malpighiaceae,1
Bothryopteron sp. 23SG,Brentidae,Hiraea_smilacina,Malpighiaceae,6
Bothryopteron sp. cur85SG,Brentidae,Hiraea_reclinata,Malpighiaceae,5
Bothryopteron sp. cur85SG,Brentidae,Adelphia_hiraea,Malpighiaceae,333
Bruc bru44SG Bruc sp. bru44SG,Chrysomelidae,Cordia_bicolor,Cordiaceae,4
Bruc bru45SG Bruc sp. bru45SG,Chrysomelidae,Cordia_bicolor,Cordiaceae,2
Bruc bru54SG Bruc sp. bru54SG,NA,Attalea_rostrata,Arecaceae,2
Bruc bru66SG sp. bru66SG,Chrysomelidae,Attalea_rostrata,Arecaceae,2
Busckiella lecythidis,Curculionidae,Gustavia_superba,Lecythidaceae,8
Carmenta foraseminis,Sesiidae,Gustavia_superba,Lecythidaceae,83
Carmenta sp. lep111SG,Sesiidae,Prioria_copaifera,Fabaceae,33
Carmenta sp. lep131,Sesiidae,Strychnos_panamensis,Loganiaceae,2
Carmenta sp. lep1SG,Sesiidae,Coussarea_curvigemmia,Rubiaceae,45
Carmenta sp. lep1SG,Sesiidae,Faramea_occidentalis,Rubiaceae,159
Carmenta sp. lep539SG,Sesiidae,Faramea_occidentalis,Rubiaceae,1
Caryedes brasiliensis,Chrysomelidae,Dioclea_wilsonii,Fabaceae,679
Cerambycidae genus unknown sp. colcer1SG,Cerambycidae,Sterculia_apetala,Malvaceae,16
Cerambycidae genus unknown sp. colcer3SG,NA,Ceiba_pentandra,Malvaceae,1
Cerambycidae genus unknown sp. colcer3SG,Cerambycidae,Pseudobombax_septenatum,Malvaceae,2
Cerambycidae genus unknown sp. colcer3SG,Cerambycidae,Sterculia_apetala,Malvaceae,2
Cerambycidae genus unknown sp. colcer7SG,Cerambycidae,Andira_inermis,Fabaceae,3
Ceratopus sp. cur2SG,Curculionidae,Spondias_radlkoferi,Anacardiaceae,1
Cerconota anonella,Oecophoridae,Annona_hayesii,Annonaceae,23
Cerconota anonella,Oecophoridae,Annona_spraguei,Annonaceae,23
Chelotonyx sp. 1SG,Curculionidae,Quararibea_asterolepis,Malvaceae,93
Clydonopteron pomponius,Crambidae,Callichlamys_latifolia,Bignoniaceae,29
Clydonopteron pomponius,Crambidae,Bignonia_aequinoctialis,Bignoniaceae,1
Clydonopteron pomponius,Crambidae,Amphilophium_crucigerum,Bignoniaceae,6
Cochylis sp. lep97SG,Tortricidae,Guapira_standleyana,Nyctaginaceae,7
Colobothea sp. 1SG,Cerambycidae,Pseudobombax_septenatum,Malvaceae,1
Conotrachelus posticatus,Curculionidae,Licania_platypus,Chrysobalanaceae,1
Conotrachelus pumilio,Curculionidae,Coccoloba_manzinellensis,Polygonaceae,33
Conotrachelus sp. cur104SG,Curculionidae,Inga_laurina,Fabaceae,5
Conotrachelus sp. cur10SG,Curculionidae,Trichilia_tuberculata,Meliaceae,78
Conotrachelus sp. cur124SG nr. punctiventris,Curculionidae,Calophyllum_longifolium,Clusiaceae,46
Conotrachelus sp. cur132SG,Curculionidae,Casearia_guianensis,Salicaceae,29
Conotrachelus sp. cur138SG,Curculionidae,Guarea_grandifolia,Meliaceae,14
Conotrachelus sp. cur138SG,Curculionidae,Guarea_guidonia,Meliaceae,20
Conotrachelus sp. cur141SG,Curculionidae,Combretum_fruticosum,Combretaceae,1
Conotrachelus sp. cur141SG,NA,Quararibea_asterolepis,Malvaceae,24
Conotrachelus sp. cur152SG,Curculionidae,Lonchocarpus_heptaphyllus,Fabaceae,57
Conotrachelus sp. cur152SG,Curculionidae,Picramnia_latifolia,Picramniaceae,167
Conotrachelus sp. cur163SG,Curculionidae,Pouteria_reticulata,Sapotaceae,59
Conotrachelus sp. cur164SG,Curculionidae,Calophyllum_longifolium,Clusiaceae,1
Conotrachelus sp. cur175SG,Curculionidae,Trichilia_tuberculata,Meliaceae,21
Conotrachelus sp. cur176SG,Curculionidae,Licania_platypus,Chrysobalanaceae,38
Conotrachelus sp. cur17SG,Curculionidae,Pouteria_stipitata,Sapotaceae,3
Conotrachelus sp. cur181SG,Curculionidae,Chrysophyllum_argenteum,Sapotaceae,3
Conotrachelus sp. cur182SG,Curculionidae,Guarea_grandifolia,Meliaceae,1
Conotrachelus sp. cur18SG,Curculionidae,Pouteria_stipitata,Sapotaceae,56
Conotrachelus sp. cur22SG nr. punctiventris,NA,Calophyllum_longifolium,Clusiaceae,1
Conotrachelus sp. cur249SG,Curculionidae,Anacardium_excelsum,Anacardiaceae,1
Conotrachelus sp. cur29SG,Curculionidae,Sloanea_terniflora,Elaeocarpaceae,1
Conotrachelus sp. cur30SG,Curculionidae,Calophyllum_longifolium,Clusiaceae,29
Conotrachelus sp. cur58SG,Curculionidae,Triplaris_cumingiana,Polygonaceae,33
Conotrachelus sp. cur68SG,Curculionidae,Anacardium_excelsum,Anacardiaceae,15
Conotrachelus sp. cur8SG,Curculionidae,Spondias_radlkoferi,Anacardiaceae,326
Conotrachelus sp. cur8SG,Curculionidae,Tetragastris_panamensis,Burseraceae,1
Conotrachelus sp. cur92SG,Curculionidae,Coccoloba_manzinellensis,Polygonaceae,105
Conotrachelus sp. cur92SG,Curculionidae,Coccoloba_excelsa,Polygonaceae,8
Conotrachelus turbatus,Curculionidae,Pouteria_reticulata,Sapotaceae,1
Conotrachelus verticalis,Curculionidae,Guarea_grandifolia,Meliaceae,1
Cosm lep271SG Cosm sp. lep271SG,Cosmopterigidae,Astronium_graveolens,Anacardiaceae,11
Cosm lep274SG Cosm sp. lep274SG,Cosmopterigidae,Inga_mucuna,Fabaceae,7
Cosm lep274SG Cosm sp. lep274SG,Cosmopterigidae,Inga_punctata,Fabaceae,1
Cosm lep313SG Cosm sp. lep313SG,Cosmopterigidae,Cordia_alliodora,Cordiaceae,1
Cosm lep34SG Cosm sp. lep34SG,Cosmopterigidae,Garcinia_madruno,Clusiaceae,3
Cosm lep34SG Cosm sp. lep34SG,Cosmopterigidae,Garcinia_recondita,Clusiaceae,254
Cosm lep406SG Cosm sp. lep406SG,Cosmopterigidae,Paullinia_fibrigera,Sapindaceae,1
Cosm lep425SG Cosm sp. lep425SG,Cosmopterigidae,Guarea_guidonia,Meliaceae,2
Cosm lep499SG Cosm sp. lep499SG,Cosmopterigidae,Hirtella_triandra,Chrysobalanaceae,2
Cosm lep542SG Cosm sp. lep542SG,Cosmopterigidae,Hirtella_triandra,Chrysobalanaceae,1
Cryptaspasma perseana,Tortricidae,Prioria_copaifera,Fabaceae,5
Cryptorhynchus sp. cur26SG,Curculionidae,Ceiba_pentandra,Malvaceae,512
Cryptorhynchus sp. cur26SG,Curculionidae,Pseudobombax_septenatum,Malvaceae,5
Cryptorhynchus sp. cur54SG,Curculionidae,Callichlamys_latifolia,Bignoniaceae,1
Curc cur103SG Curc sp. cur103SG,Curculionidae,Pouteria_reticulata,Sapotaceae,1
Curc cur129SG Curc sp. cur129SG,Curculionidae,Combretum_fruticosum,Combretaceae,1
Curc cur131SG Curc sp. cur131SG,Curculionidae,Terminalia_amazonia,Combretaceae,2
Curc cur172SG Curc sp. cur172SG,Curculionidae,Oenocarpus_mapora,Arecaceae,6
Curc cur173SG Curc sp. cur173SG,Curculionidae,Cupania_seemannii,Sapindaceae,52
Curc cur174SG Curc sp. cur174SG,Curculionidae,Protium_tenuifolium,Burseraceae,2
Curc cur175SG Curc sp. cur175SG,Curculionidae,Nectandra_lineata,Lauraceae,2
Curc cur176SG Curc sp. cur176SG,Curculionidae,Ocotea_puberula,Lauraceae,6
Curc cur177SG Curc sp. cur177SG,Curculionidae,Bignonia_aequinoctialis,Bignoniaceae,22
Curc cur178SG Curc sp. cur178SG,Curculionidae,Eugenia_oerstediana,Myrtaceae,2
Curc cur179SG Curc sp. cur179SG,Curculionidae,Nectandra_cissiflora,Lauraceae,4
Curc cur179SG Curc sp. cur179SG,Curculionidae,Nectandra_lineata,Lauraceae,4
Curc cur180SG Curc sp. cur180SG,Curculionidae,Amphilophium_paniculatum,Bignoniaceae,2
Curc cur181SG Curc sp. cur181SG,Curculionidae,Fridericia_florida,Bignoniaceae,2
Curc cur182SG Curc sp. cur182SG,Curculionidae,Fridericia_florida,Bignoniaceae,2
Curc cur183SG Curc sp. cur183SG,Curculionidae,Calophyllum_longifolium,Clusiaceae,5
Curc cur184SG Curc sp. cur184SG,Curculionidae,Callichlamys_latifolia,Bignoniaceae,1
Curc cur185SG Curc sp. cur185SG,Curculionidae,Jacaranda_copaia,Bignoniaceae,30
Curc cur186SG Curc sp. cur186SG,Curculionidae,Lacistema_aggregatum,Lacistemataceae,66
Curc cur187SG Curc sp. cur187SG,Curculionidae,Combretum_fruticosum,Combretaceae,8
Curc cur188SG Curc sp. cur188SG,Curculionidae,Bignonia_aequinoctialis,Bignoniaceae,3
Curc cur189SG Curc sp. cur189SG,Curculionidae,Spondias_mombin,Anacardiaceae,2
Curc cur190SG Curc sp. cur190SG,Curculionidae,Pouteria_reticulata,Sapotaceae,6
Curc cur192SG Curc sp. cur192SG,Curculionidae,Oenocarpus_mapora,Arecaceae,2
Curc cur193SG Curc sp. cur193SG,Curculionidae,Coccoloba_manzinellensis,Polygonaceae,2
Curc cur194SG Curc sp. cur194SG,Curculionidae,Heteropterys_laurifolia,Malpighiaceae,2
Curc cur196SG Curc sp. cur196SG,Curculionidae,Virola_nobilis,Myristicaceae,2
Curc cur198SG Curc sp. cur198SG,Curculionidae,Coccoloba_manzinellensis,Polygonaceae,3
Curc cur199SG Curc sp. cur199SG,Curculionidae,Tetrapterys_goudotiana,Malpighiaceae,2
Curc cur201SG Curc sp. cur201SG,Curculionidae,Coccoloba_excelsa,Polygonaceae,2
Curc cur202SG Curc sp. cur202SG,Curculionidae,Guettarda_foliacea,Rubiaceae,2
Curc cur203SG Curc sp. cur203SG,Curculionidae,Coccoloba_excelsa,Polygonaceae,44
Curc cur204SG Curc sp. cur204SG,Curculionidae,Nectandra_cissiflora,Lauraceae,7
Curc cur205SG Curc sp. cur205SG,Curculionidae,Socratea_exorrhiza,Arecaceae,4
Curc cur206SG Curc sp. cur206SG,Curculionidae,Pouteria_reticulata,Sapotaceae,2
Curc cur208SG Curc sp. cur208SG,Curculionidae,Celtis_iguanaea,Cannabaceae,14
Curc cur209SG Curc sp. cur209SG,Curculionidae,Terminalia_oblonga,Combretaceae,2
Curc cur20SG Curc sp. cur20SG,Curculionidae,Strychnos_panamensis,Loganiaceae,1
Curc cur210SG Curc sp. cur210SG,Curculionidae,Eugenia_oerstediana,Myrtaceae,2
Curc cur211SG Curc sp. cur211SG,Curculionidae,Petrea_volubilis,Verbenaceae,2
Curc cur213SG Curc sp. cur213SG,Curculionidae,Capparidastrum_frondosa,Capparaceae,2
Curc cur213SG Curc sp. cur213SG,Curculionidae,Coccoloba_excelsa,Polygonaceae,8
Cydia rhodaspisDHJ02,Tortricidae,Inga_umbellifera,Fabaceae,1
Cyrionyx sp. cur69SG,Curculionidae,Desmopsis_panamensis,Annonaceae,1
Cyrionyx sp. cur91SG,Curculionidae,Desmopsis_panamensis,Annonaceae,93
Cyrionyx sp. cur91SG,Curculionidae,Pombalia_prunifolia,Violaceae,11
Depr lep186SG Elac sp. lep186SG,Depressariidae,Connarus_panamensis,Connaraceae,5
Depr lep186SG Elac sp. lep186SG,Depressariidae,Connarus_turczaninowii,Connaraceae,1
Depr lep8SG Elac sp. lep8SG,Depressariidae,Protium_tenuifolium,Burseraceae,2
Eriosocia guttifera,Tortricidae,Garcinia_recondita,Clusiaceae,3
Eriosocia guttifera,Tortricidae,Symphonia_globulifera,Clusiaceae,97
Eubulus fulvosquamis,Curculionidae,Prioria_copaifera,Fabaceae,632
Eubulus sp. cur151SG,Curculionidae,Pourouma_bicolor,Urticaceae,4
Eubulus sp. cur24SG,Curculionidae,Virola_sebifera,Myristicaceae,4
Eubulus sp. cur24SG,Curculionidae,Virola_nobilis,Myristicaceae,5
Eubulus sp. cur90SG cf. dumicolus,Curculionidae,Pouteria_reticulata,Sapotaceae,5
Eulechriops sp. cur53SG,Curculionidae,Heisteria_concinna,Erythropalaceae,3
Eulechriops sp. cur53SG,Curculionidae,Ouratea_lucens,Ochnaceae,66
Eutoxus  sp. cur21SG,Curculionidae,Socratea_exorrhiza,Arecaceae,35
Gele sp. lep106SG,Gelechiidae,Calophyllum_longifolium,Clusiaceae,8
Gele sp. lep106SG,Gelechiidae,Faramea_occidentalis,Rubiaceae,1
Gele sp. lep19SG,Gelechiidae,Quararibea_asterolepis,Malvaceae,7
Gele sp. lep264SG,Gelechiidae,Chrysophyllum_argenteum,Sapotaceae,4
Gele sp. lep275SG,Gelechiidae,Heisteria_acuminata,Erythropalaceae,1
Gele sp. lep281SG,Gelechiidae,Inga_thibaudiana,Fabaceae,1
Gele sp. lep295SG,Gelechiidae,Inga_cocleensis,Fabaceae,1
Gele sp. lep295SG,Gelechiidae,Inga_sapindoides,Fabaceae,1
Gele sp. lep302SG,Gelechiidae,Anacardium_excelsum,Anacardiaceae,1
Gele sp. lep308SG,Gelechiidae,Casearia_guianensis,Salicaceae,1
Gele sp. lep326SG,Gelechiidae,Adelphia_hiraea,Malpighiaceae,2
Gele sp. lep39SG,Gelechiidae,Mouriri_myrtilloides,Melastomataceae,4
Gele sp. lep3SG,Gelechiidae,Tetragastris_panamensis,Burseraceae,51
Gele sp. lep41SG,Gelechiidae,Eugenia_nesiotica,Myrtaceae,2
Gele sp. lep41SG,Gelechiidae,Eugenia_oerstediana,Myrtaceae,1
Gele sp. lep427SG,Gelechiidae,Souroubea_sympetala,Marcgraviaceae,1
Geobyrza nodifera,Curculionidae,Calophyllum_longifolium,Clusiaceae,1
Geraeus sp. cur51SG,Curculionidae,Oenocarpus_mapora,Arecaceae,112
Geraeus sp. cur64SG,Curculionidae,Simarouba_amara,Simaroubaceae,1
Grapholita sp. lep55SG,Tortricidae,Hasseltia_floribunda,Salicaceae,1
Grapholita yurubina,Tortricidae,Garcinia_recondita,Clusiaceae,5
Heilipus draco,Curculionidae,Nectandra_cissiflora,Lauraceae,4
Heilipus draco,Curculionidae,Cinnamomum_triplinerve,Lauraceae,2
Heilipus sp. cur15SG nr. lauri,Curculionidae,Ocotea_whitei,Lauraceae,1
Heilipus sp. cur243SG,Curculionidae,Beilschmiedia_tovarensis,Lauraceae,2
Heilipus sp. cur50SG,Curculionidae,Beilschmiedia_tovarensis,Lauraceae,8
Heli lep102SG Heli sp. lep102SG,Heliodinidae,Guapira_standleyana,Nyctaginaceae,3
Heli lep253SG Heli sp. lep253SG,Heliodinidae,Ouratea_lucens,Ochnaceae,30
Heli lep438SG Heli sp. lep438SG,Heliodinidae,Neea_amplifolia,Nyctaginaceae,2
Heli lep52SG Heli sp. lep52SG,Heliodinidae,Guapira_standleyana,Nyctaginaceae,50
Histura panamana,Tortricidae,Beilschmiedia_tovarensis,Lauraceae,23
Hypocosmia bimaculalis,Pyralidae,Handroanthus_guayacan,Bignoniaceae,2
Lamprospilus collucia,Lycaenidae,Gustavia_superba,Lecythidaceae,1
Lamprospilus collucia,Lycaenidae,Handroanthus_guayacan,Bignoniaceae,1
Lechriops parotica,Curculionidae,Ceiba_pentandra,Malvaceae,17
Lechriops parotica,Curculionidae,Pseudobombax_septenatum,Malvaceae,49
Lechriops sp. cur40SG,Curculionidae,Virola_nobilis,Myristicaceae,12
Lechriops sp. cur97SG,Curculionidae,Protium_tenuifolium,Burseraceae,2
Lepturges sp. 1SG,Cerambycidae,Sterculia_apetala,Malvaceae,2
Maemactes sp. cur75SG,Curculionidae,Heisteria_acuminata,Erythropalaceae,1
Megacerus lunulatus,Chrysomelidae,Maripa_panamensis,Convolvulaceae,149
Megacerus lunulatus,Chrysomelidae,Protium_tenuifolium,Burseraceae,14
Metamasius sp. cur134SG,Dryophthoridae,Astrocaryum_standleyanum,Arecaceae,5
Mimosestes enterolobii,Chrysomelidae,Enterolobium_cyclocarpum,Fabaceae,20
Mimosestes enterolobii,Chrysomelidae,Enterolobium_schomburgkii,Fabaceae,3
Myrmex sp. 128SG,Curculionidae,Chrysophyllum_argenteum,Sapotaceae,4
Myrmex sp. cur48SG nr. panamensis,Curculionidae,Chrysophyllum_argenteum,Sapotaceae,2
Myrmex sp. cur48SG nr. panamensis,Curculionidae,Guarea_grandifolia,Meliaceae,2
Myrmex sp. cur48SG nr. panamensis,Curculionidae,Hura_crepitans,Euphorbiaceae,1
Myrmex sp. cur48SG nr. panamensis,Curculionidae,Quararibea_asterolepis,Malvaceae,1
Myrmex sp. cur94SG,Curculionidae,Pouteria_reticulata,Sapotaceae,2
Nealcidion sp. 1SG,Cerambycidae,Tabernaemontana_arborea,Apocynaceae,3
Near Gymnandrosoma sp. lep356SG,Tortricidae,Platypodium_elegans,Fabaceae,1
Neopotamia streblopa,Tortricidae,Beilschmiedia_tovarensis,Lauraceae,1
Oeco lep13SG Oeco sp. lep13SG,Oecophoridae,Cnestidium_rufescens,Connaraceae,5
Oeco lep13SG Oeco sp. lep13SG,Oecophoridae,Connarus_panamensis,Connaraceae,6
Oeco lep13SG Oeco sp. lep13SG,Oecophoridae,Connarus_turczaninowii,Connaraceae,4
Oeco lep13SG Oeco sp. lep13SG,Oecophoridae,Cupania_latifolia,Sapindaceae,1
Oeco lep13SG Oeco sp. lep13SG,Oecophoridae,Cupania_seemannii,Sapindaceae,1
Oeco lep13SG Oeco sp. lep13SG,Oecophoridae,Paullinia_pinnata,Sapindaceae,5
Oeco lep192SG Oeco sp. lep192SG,Oecophoridae,Davilla_nitida,Dilleniaceae,2
Oeco lep250SG Oeco sp. lep250SG,Oecophoridae,Unonopsis_pittieri,Annonaceae,1
Oeco lep289SG Oeco sp. lep289SG,Oecophoridae,Inga_mucuna,Fabaceae,1
Oeco lep293SG Oeco sp. lep293SG,Oecophoridae,Inga_mucuna,Fabaceae,1
Oeco lep311SG Oeco sp. lep311SG,Oecophoridae,Cavanillesia_platanifolia,Malvaceae,4
Oeco lep419SG Oeco sp. lep419SG,Oecophoridae,Lindackeria_laurina,Achariaceae,1
Oeco lep441SG Oeco sp. lep441SG,Oecophoridae,Trichospermum_galeottii,Malvaceae,1
Oeco lep464SG Oeco sp. lep464SG,Oecophoridae,Paullinia_pinnata,Sapindaceae,2
Oeco lep466SG Oeco sp. lep466SG,Oecophoridae,Paullinia_rugosa,Sapindaceae,1
Oeco lep4SG Oeco sp. lep4SG,Oecophoridae,Beilschmiedia_tovarensis,Lauraceae,2
Oeco lep4SG Oeco sp. lep4SG,Oecophoridae,Maripa_panamensis,Convolvulaceae,3
Oeco lep4SG Oeco sp. lep4SG,Oecophoridae,Ocotea_whitei,Lauraceae,2
Oxytenopterus sp. cur55SG,Curculionidae,Unonopsis_pittieri,Annonaceae,21
Pachymerus bactris,Chrysomelidae,Astrocaryum_standleyanum,Arecaceae,42
Pachymerus bactris,Chrysomelidae,Bactris_major,Arecaceae,2
Pachymerus sp. bru67SG,Chrysomelidae,Astrocaryum_standleyanum,Arecaceae,2
Pagiocerus frontalis,Curculionidae,Beilschmiedia_tovarensis,Lauraceae,2072
Pagiocerus frontalis,Curculionidae,Ocotea_oblonga,Lauraceae,366
Pagiocerus frontalis,Curculionidae,Ocotea_puberula,Lauraceae,71
Pagiocerus frontalis,Curculionidae,Souroubea_sympetala,Marcgraviaceae,1
Phymatophosus sp. cur107SG,Curculionidae,Tetrapterys_goudotiana,Malpighiaceae,14
Phymatophosus sp. cur197SG,Curculionidae,Tetrapterys_goudotiana,Malpighiaceae,5
Phymatophosus sp. cur37SG,Curculionidae,Tetrapterys_discolor,Malpighiaceae,44
Platynota sp. lep195SG,Tortricidae,Heisteria_concinna,Erythropalaceae,1
Platynota sp. lep195SG,Tortricidae,Pseudobombax_septenatum,Malvaceae,1
Platynota sp. lep99SG,Tortricidae,Zuelania_guidonia,Salicaceae,1
Pseudobaris sp. cur145SG,Curculionidae,Astrocaryum_standleyanum,Arecaceae,16
Pseudobaris sp. cur145SG,Curculionidae,Bactris_major,Arecaceae,13
Pseudobaris sp. cur188SG,Curculionidae,Fridericia_candicans,Bignoniaceae,3
Pseudobaris sp. cur19SG,Curculionidae,Doliocarpus_major,Dilleniaceae,1
Pseudobaris sp. cur202SG,Curculionidae,Platymiscium_pinnatum,Fabaceae,1
Pseudomopsis sp. cur168SG,Curculionidae,Tetrapterys_discolor,Malpighiaceae,2
Pseudomopsis sp. cur254SG,Curculionidae,Guatteria_lucens,Annonaceae,2
Pseudomopsis sp. cur34SG,Curculionidae,Guatteria_lucens,Annonaceae,10
Pycnotheantis sp. cur47SG,Curculionidae,Lacmellea_panamensis,Apocynaceae,1
Pycnotheantis sp. cur47SG,Curculionidae,Oenocarpus_mapora,Arecaceae,98
Pyra lep117SG Pyra sp. lep117SG,Pyralidae,Doliocarpus_multiflorus,Dilleniaceae,1
Pyra lep231SG Pyra sp. lep231SG,Pyralidae,Trichilia_tuberculata,Meliaceae,2
Pyra lep248SG Pyra sp. lep248SG,Pyralidae,Beilschmiedia_tovarensis,Lauraceae,2
Pyra lep291SG Pyra sp. lep291SG,Pyralidae,Capparidastrum_frondosa,Capparaceae,4
Pyra lep305SG Pyra sp. lep305SG,Pyralidae,Nectandra_lineata,Lauraceae,2
Pyra lep307SG Pyra sp. lep307SG,Pyralidae,Capparidastrum_frondosa,Capparaceae,1
Pyra lep310SG Pyra sp. lep310SG,Pyralidae,Cupania_seemannii,Sapindaceae,2
Pyra lep312SG Pyra sp. lep312SG,Pyralidae,Cavanillesia_platanifolia,Malvaceae,1
Pyra lep346SG Pyra sp. lep346SG,Pyralidae,Beilschmiedia_tovarensis,Lauraceae,3
Pyra lep449SG Pyra sp. lep449SG,Pyralidae,Lonchocarpus_heptaphyllus,Fabaceae,1
Pyra lep449SG Pyra sp. lep449SG,Pyralidae,Machaerium_milleflorum,Fabaceae,1
Pyra lep449SG Pyra sp. lep449SG,Pyralidae,Platypodium_elegans,Fabaceae,3
Pyra lep478SG Pyra sp. lep478SG,Pyralidae,Anthodon_panamense,Celastraceae,1
Pyra lep81SG Pyra sp. lep81SG,Pyralidae,Amphilophium_crucigerum,Bignoniaceae,3
Pyra lep9SG Pyra sp. lep9SG,Pyralidae,Inga_laurina,Fabaceae,4
Pyra lep9SG Pyra sp. lep9SG,Pyralidae,Prioria_copaifera,Fabaceae,45
Pyralidae unknown genus sp. 496SG,Pyralidae,Serjania_decapleuria,Sapindaceae,4
Rhyssomatus sp. cur174SG,Curculionidae,Inga_laurina,Fabaceae,41
Rhyssomatus sp. cur72SG,Curculionidae,Combretum_fruticosum,Combretaceae,2
Ricula lacistema,Tortricidae,Lacistema_aggregatum,Lacistemataceae,19
Ricula sp. 545SG nr. deflexa,Tortricidae,Lacistema_aggregatum,Lacistemataceae,1
Ricula sp. lep218SG,Tortricidae,Trichilia_tuberculata,Meliaceae,1
Riculorampha ancyloides,Tortricidae,Nectandra_cissiflora,Lauraceae,16
Riculorampha ancyloides,Tortricidae,Nectandra_lineata,Lauraceae,6
Riculorampha ancyloides,Tortricidae,Ocotea_oblonga,Lauraceae,7
Riculorampha ancyloides,Tortricidae,Ocotea_whitei,Lauraceae,2
Riculorampha ancyloides,Tortricidae,Cinnamomum_triplinerve,Lauraceae,4
Schacontia AAP1991,Pyralidae,Capparidastrum_frondosa,Capparaceae,11
Semnorrhynchus fulvopictus,Curculionidae,Bignonia_aequinoctialis,Bignoniaceae,1
Semnorrhynchus fulvopictus,Curculionidae,Guarea_grandifolia,Meliaceae,5
Semnorrhynchus sp. cur44SG,Curculionidae,Bignonia_aequinoctialis,Bignoniaceae,2
Sennius sp. bru58SG,Chrysomelidae,Tachigali_panamensis,Fabaceae,2
Sennius sp. bru8SG,Chrysomelidae,Tachigali_panamensis,Fabaceae,2
Sesi lep101 Sesi sp. lep101,Sesiidae,Guarea_grandifolia,Meliaceae,2
Speciomerus giganteus,Chrysomelidae,Attalea_rostrata,Arecaceae,32
Spilomelinae genus unknown sp. 80YB,Crambidae,Maripa_panamensis,Convolvulaceae,5
